<?xml version="1.0"?>
<doc>
    <assembly>
        <name>Abbott.Tips.WebHost</name>
    </assembly>
    <members>
        <member name="T:Abbott.Tips.WebHost.Controllers.ConfigurationsController">
            <summary>
            Tips 配置项 API
            </summary>
        </member>
        <member name="M:Abbott.Tips.WebHost.Controllers.ConfigurationsController.GetAll">
            <summary>
            获取全部配置项
            </summary>
            <returns></returns>
        </member>
        <member name="M:Abbott.Tips.WebHost.Controllers.ConfigurationsController.GetPager(Abbott.Tips.Application.Configurations.Dtos.ConfigurationPagerParameterQueryModel)">
            <summary>
            分页获取配置项
            </summary>
            <returns></returns>
        </member>
        <member name="M:Abbott.Tips.WebHost.Controllers.ConfigurationsController.Get(Abbott.Tips.Model.Dtos.Query.NullableIdDto{System.Int32})">
            <summary>
            分页获取配置项
            </summary>
            <returns></returns>
        </member>
        <member name="M:Abbott.Tips.WebHost.Controllers.ConfigurationsController.Get(System.Int32)">
            <summary>
            获取单个
            </summary>
            <returns></returns>
        </member>
        <member name="M:Abbott.Tips.WebHost.Controllers.ConfigurationsController.Add(Abbott.Tips.Application.Configurations.Dtos.ConfigurationCreationModel)">
            <summary>
            新增配置项
            </summary>
            <returns></returns>
        </member>
        <member name="M:Abbott.Tips.WebHost.Controllers.ConfigurationsController.Update(Abbott.Tips.Application.Configurations.Dtos.ConfigurationEditionModel)">
            <summary>
            更新配置项
            </summary>
            <returns></returns>
        </member>
        <member name="M:Abbott.Tips.WebHost.Controllers.ConfigurationsController.Delete(Abbott.Tips.Model.Entities.ConfigurationModel)">
            <summary>
            更新配置项
            </summary>
            <returns></returns>
        </member>
        <member name="M:Abbott.Tips.WebHost.Controllers.MessagesController.AnyOne(System.Collections.Generic.IEnumerable{Abbott.Tips.WebHost.Models.SignalrGroups})">
            <summary>
            单个connectionid推送
            </summary>
            <param name="groups"></param>
            <returns></returns>
        </member>
        <member name="M:Abbott.Tips.WebHost.Controllers.MessagesController.EveryOne(System.String)">
            <summary>
            全部推送
            </summary>
            <param name="message"></param>
            <returns></returns>
        </member>
        <member name="M:Abbott.Tips.WebHost.Controllers.MessagesController.AnyGroups(Abbott.Tips.WebHost.Models.SignalrGroups)">
            <summary>
            组推送
            </summary>
            <param name="group"></param>
            <returns></returns>
        </member>
        <member name="M:Abbott.Tips.WebHost.Controllers.MessagesController.MoreParamsRequest(System.String)">
            <summary>
            多参数接收方式
            </summary>
            <param name="message"></param>
            <returns></returns>
        </member>
        <member name="M:Abbott.Tips.WebHost.Controllers.OAuthController.Auth(Abbott.Tips.ApiCore.Jwts.JwtAuthenticationParameters)">
            <summary>
            返回新的 token 并设置 Cookie
            </summary>
            <param name="user"></param>
        </member>
        <member name="M:Abbott.Tips.WebHost.Controllers.OAuthController.Post(Abbott.Tips.ApiCore.Controllers.AccountModel)">
            <summary>
            返回新的 token 并设置 Cookie
            </summary>
            <param name="user"></param>
        </member>
        <member name="T:Abbott.Tips.WebHost.Controllers.TipsApiController">
            <summary>
            Tips 基础 API 控制器，包含基本的 CRUD 方法，对应 HTTP METHOD
            </summary>
        </member>
        <member name="M:Abbott.Tips.WebHost.Hubs.SignalrHubs.InitUser(System.String,System.String)">
            <summary>
            创建signalr链接
            </summary>
            <param name="parentId">pid(作为用户组)</param>
            <param name="shopId">sid</param>
        </member>
        <member name="P:Abbott.Tips.WebHost.Models.SignalrGroups.GroupName">
            <summary>
            用户组
            </summary>
        </member>
        <member name="P:Abbott.Tips.WebHost.Models.SignalrGroups.Content">
            <summary>
            消息内容
            </summary>
        </member>
        <member name="P:Abbott.Tips.WebHost.Models.SignalrGroups.ShopId">
            <summary>
            店铺id
            </summary>
        </member>
        <member name="P:Abbott.Tips.WebHost.Models.SignalrGroups.ConnectionId">
            <summary>
            链接id
            </summary>
        </member>
        <member name="F:Abbott.Tips.WebHost.Models.SignalrGroups.UserGroups">
            <summary>
            用户组内存集合
            </summary>
        </member>
    </members>
</doc>
